"BROKEN","EPIC","FAILED","FEATURE","PASSED","SKIPPED","STORY","UNKNOWN"
"0","Authors API","0","Delete Author","3","0","","0"
"0","Books API","0","Update Book","1","0","Happy path","0"
"0","Authors API","0","Create Author","2","0","Edge case","0"
"0","Books API","0","Create Book","1","0","Happy path","0"
"0","Books API","0","Get Books","2","0","","0"
"0","Authors API","0","Update Author","2","0","","0"
"0","Books API","0","Delete Book","2","0","Happy path","0"
"0","Books API","0","Delete Book","1","0","Edge case","0"
"0","Books API","0","Create Book","2","0","Edge case","0"
"0","Authors API","0","Create Author","1","0","Happy path","0"
"0","Authors API","0","Get Authors","2","0","","0"
"0","Books API","0","Update Book","1","0","Edge case","0"
